driver_name,reconstructed_event_points,official_points,season,difference
Adrian Sutil,0.0,,2014,
André Lotterer,0.0,,2014,
Daniel Ricciardo,238.0,,2014,
Daniil Kvyat,8.0,,2014,
Esteban Gutiérrez,0.0,,2014,
Felipe Massa,134.0,,2014,
Fernando Alonso,161.0,,2014,
Jean-Éric Vergne,22.0,,2014,
Jenson Button,126.0,,2014,
Jules Bianchi,2.0,,2014,
Kamui Kobayashi,0.0,,2014,
Kevin Magnussen,55.0,,2014,
Kimi Räikkönen,55.0,,2014,
Lewis Hamilton,384.0,,2014,
Marcus Ericsson,0.0,,2014,
Max Chilton,0.0,,2014,
Nico Hülkenberg,96.0,,2014,
Nico Rosberg,317.0,,2014,
Pastor Maldonado,2.0,,2014,
Romain Grosjean,8.0,,2014,
Sebastian Vettel,167.0,,2014,
Sergio Pérez,59.0,,2014,
Valtteri Bottas,186.0,,2014,
Will Stevens,0.0,,2014,
Alexander Rossi,0.0,,2015,
Carlos Sainz,18.0,,2015,
Daniel Ricciardo,92.0,,2015,
Daniil Kvyat,95.0,,2015,
Felipe Massa,121.0,,2015,
Felipe Nasr,27.0,,2015,
Fernando Alonso,11.0,,2015,
Jenson Button,16.0,,2015,
Kevin Magnussen,0.0,,2015,
Kimi Räikkönen,150.0,,2015,
Lewis Hamilton,381.0,,2015,
Marcus Ericsson,9.0,,2015,
Max Verstappen,49.0,,2015,
Nico Hülkenberg,58.0,,2015,
Nico Rosberg,322.0,,2015,
Pastor Maldonado,27.0,,2015,
Roberto Merhi,0.0,,2015,
Romain Grosjean,51.0,,2015,
Sebastian Vettel,278.0,,2015,
Sergio Pérez,78.0,,2015,
Valtteri Bottas,136.0,,2015,
Will Stevens,0.0,,2015,
Carlos Sainz,46.0,,2016,
Daniel Ricciardo,256.0,,2016,
Daniil Kvyat,25.0,,2016,
Esteban Gutiérrez,0.0,,2016,
Esteban Ocon,0.0,,2016,
Felipe Massa,53.0,,2016,
Felipe Nasr,2.0,,2016,
Fernando Alonso,54.0,,2016,
Jenson Button,21.0,,2016,
Jolyon Palmer,1.0,,2016,
Kevin Magnussen,7.0,,2016,
Kimi Räikkönen,186.0,,2016,
Lewis Hamilton,380.0,,2016,
Marcus Ericsson,0.0,,2016,
Max Verstappen,204.0,,2016,
Nico Hülkenberg,72.0,,2016,
Nico Rosberg,385.0,,2016,
Pascal Wehrlein,1.0,,2016,
Rio Haryanto,0.0,,2016,
Romain Grosjean,29.0,,2016,
Sebastian Vettel,212.0,,2016,
Sergio Pérez,101.0,,2016,
Stoffel Vandoorne,1.0,,2016,
Valtteri Bottas,85.0,,2016,
Antonio Giovinazzi,0.0,,2017,
Brendon Hartley,0.0,,2017,
Carlos Sainz,54.0,,2017,
Daniel Ricciardo,200.0,,2017,
Daniil Kvyat,5.0,,2017,
Esteban Ocon,87.0,,2017,
Felipe Massa,43.0,,2017,
Fernando Alonso,17.0,,2017,
Jenson Button,0.0,,2017,
Jolyon Palmer,8.0,,2017,
Kevin Magnussen,19.0,,2017,
Kimi Räikkönen,205.0,,2017,
Lance Stroll,40.0,,2017,
Lewis Hamilton,363.0,,2017,
Marcus Ericsson,0.0,,2017,
Max Verstappen,168.0,,2017,
Nico Hülkenberg,43.0,,2017,
Pascal Wehrlein,5.0,,2017,
Paul di Resta,0.0,,2017,
Pierre Gasly,0.0,,2017,
Romain Grosjean,28.0,,2017,
Sebastian Vettel,317.0,,2017,
Sergio Pérez,100.0,,2017,
Stoffel Vandoorne,13.0,,2017,
Valtteri Bottas,305.0,,2017,
Brendon Hartley,4.0,,2018,
Carlos Sainz,53.0,,2018,
Charles Leclerc,39.0,,2018,
Daniel Ricciardo,170.0,,2018,
Esteban Ocon,49.0,,2018,
Fernando Alonso,50.0,,2018,
Kevin Magnussen,56.0,,2018,
Kimi Räikkönen,251.0,,2018,
Lance Stroll,6.0,,2018,
Lewis Hamilton,408.0,,2018,
Marcus Ericsson,9.0,,2018,
Max Verstappen,249.0,,2018,
Nico Hülkenberg,69.0,,2018,
Pierre Gasly,29.0,,2018,
Romain Grosjean,37.0,,2018,
Sebastian Vettel,320.0,,2018,
Sergey Sirotkin,1.0,,2018,
Sergio Pérez,62.0,,2018,
Stoffel Vandoorne,12.0,,2018,
Valtteri Bottas,247.0,,2018,
Alexander Albon,92.0,,2019,
Antonio Giovinazzi,14.0,,2019,
Carlos Sainz,96.0,,2019,
Charles Leclerc,264.0,,2019,
Daniel Ricciardo,54.0,,2019,
Daniil Kvyat,37.0,,2019,
George Russell,0.0,,2019,
Kevin Magnussen,20.0,,2019,
Kimi Räikkönen,43.0,,2019,
Lance Stroll,21.0,,2019,
Lando Norris,49.0,,2019,
Lewis Hamilton,413.0,,2019,
Max Verstappen,278.0,,2019,
Nico Hülkenberg,37.0,,2019,
Pierre Gasly,95.0,,2019,
Robert Kubica,1.0,,2019,
Romain Grosjean,8.0,,2019,
Sebastian Vettel,240.0,,2019,
Sergio Pérez,52.0,,2019,
Valtteri Bottas,326.0,,2019,
Alexander Albon,105.0,,2020,
Antonio Giovinazzi,4.0,,2020,
Carlos Sainz,105.0,,2020,
Charles Leclerc,98.0,,2020,
Daniel Ricciardo,119.0,,2020,
Daniil Kvyat,32.0,,2020,
Esteban Ocon,62.0,,2020,
George Russell,3.0,,2020,
Jack Aitken,0.0,,2020,
Kevin Magnussen,1.0,,2020,
Kimi Räikkönen,4.0,,2020,
Lance Stroll,75.0,,2020,
Lando Norris,97.0,,2020,
Lewis Hamilton,347.0,,2020,
Max Verstappen,214.0,,2020,
Nicholas Latifi,0.0,,2020,
Nico Hülkenberg,10.0,,2020,
Pierre Gasly,75.0,,2020,
Pietro Fittipaldi,0.0,,2020,
Romain Grosjean,2.0,,2020,
Sebastian Vettel,33.0,,2020,
Sergio Pérez,125.0,,2020,
Valtteri Bottas,223.0,,2020,
Antonio Giovinazzi,3.0,,2021,
Carlos Sainz,163.5,,2021,
Charles Leclerc,159.0,,2021,
Daniel Ricciardo,114.0,,2021,
Esteban Ocon,74.0,,2021,
Fernando Alonso,81.0,,2021,
George Russell,16.0,,2021,
Kimi Räikkönen,10.0,,2021,
Lance Stroll,34.0,,2021,
Lando Norris,160.0,,2021,
Lewis Hamilton,385.5,,2021,
Max Verstappen,388.5,,2021,
Mick Schumacher,0.0,,2021,
Nicholas Latifi,7.0,,2021,
Nikita Mazepin,0.0,,2021,
Pierre Gasly,110.0,,2021,
Robert Kubica,0.0,,2021,
Sebastian Vettel,43.0,,2021,
Sergio Pérez,190.0,,2021,
Valtteri Bottas,219.0,,2021,
Yuki Tsunoda,32.0,,2021,
Alexander Albon,4.0,,2022,
Carlos Sainz,228.0,,2022,
Charles Leclerc,291.0,,2022,
Daniel Ricciardo,34.0,,2022,
Esteban Ocon,89.0,,2022,
Fernando Alonso,81.0,,2022,
George Russell,262.0,,2022,
Guanyu Zhou,6.0,,2022,
Kevin Magnussen,21.0,,2022,
Lance Stroll,18.0,,2022,
Lando Norris,116.0,,2022,
Lewis Hamilton,233.0,,2022,
Max Verstappen,433.0,,2022,
Mick Schumacher,12.0,,2022,
Nicholas Latifi,2.0,,2022,
Nico Hülkenberg,0.0,,2022,
Nyck de Vries,2.0,,2022,
Pierre Gasly,23.0,,2022,
Sebastian Vettel,37.0,,2022,
Sergio Pérez,291.0,,2022,
Valtteri Bottas,47.0,,2022,
Yuki Tsunoda,12.0,,2022,
Alexander Albon,25.0,,2023,
Carlos Sainz,178.0,,2023,
Charles Leclerc,185.0,,2023,
Daniel Ricciardo,6.0,,2023,
Esteban Ocon,56.0,,2023,
Fernando Alonso,198.0,,2023,
George Russell,157.0,,2023,
Guanyu Zhou,6.0,,2023,
Kevin Magnussen,3.0,,2023,
Lance Stroll,68.0,,2023,
Lando Norris,184.0,,2023,
Lewis Hamilton,217.0,,2023,
Liam Lawson,2.0,,2023,
Logan Sargeant,1.0,,2023,
Max Verstappen,530.0,,2023,
Nico Hülkenberg,6.0,,2023,
Nyck de Vries,0.0,,2023,
Oscar Piastri,82.0,,2023,
Pierre Gasly,54.0,,2023,
Sergio Pérez,260.0,,2023,
Valtteri Bottas,10.0,,2023,
Yuki Tsunoda,14.0,,2023,
Alexander Albon,12.0,,2024,
Carlos Sainz,262.0,,2024,
Charles Leclerc,327.0,,2024,
Daniel Ricciardo,7.0,,2024,
Esteban Ocon,23.0,,2024,
Fernando Alonso,70.0,,2024,
Franco Colapinto,5.0,,2024,
George Russell,226.0,,2024,
Guanyu Zhou,4.0,,2024,
Jack Doohan,0.0,,2024,
Kevin Magnussen,14.0,,2024,
Lance Stroll,24.0,,2024,
Lando Norris,344.0,,2024,
Lewis Hamilton,207.0,,2024,
Liam Lawson,4.0,,2024,
Logan Sargeant,0.0,,2024,
Max Verstappen,399.0,,2024,
Nico Hülkenberg,36.0,,2024,
Oliver Bearman,7.0,,2024,
Oscar Piastri,265.0,,2024,
Pierre Gasly,40.0,,2024,
Sergio Pérez,138.0,,2024,
Valtteri Bottas,0.0,,2024,
Yuki Tsunoda,29.0,,2024,
Alexander Albon,70.0,73,2025,-3.0
Andrea Kimi Antonelli,135.0,150,2025,-15.0
Carlos Sainz,54.0,64,2025,-10.0
Charles Leclerc,225.0,242,2025,-17.0
Esteban Ocon,34.0,38,2025,-4.0
Fernando Alonso,51.0,56,2025,-5.0
Franco Colapinto,0.0,0,2025,0.0
Gabriel Bortoleto,19.0,19,2025,0.0
George Russell,289.0,319,2025,-30.0
Isack Hadjar,50.0,51,2025,-1.0
Jack Doohan,0.0,0,2025,0.0
Lance Stroll,29.0,33,2025,-4.0
Lando Norris,394.0,423,2025,-29.0
Lewis Hamilton,135.0,156,2025,-21.0
Liam Lawson,38.0,38,2025,0.0
Max Verstappen,389.0,421,2025,-32.0
Nico Hülkenberg,51.0,51,2025,0.0
Oliver Bearman,39.0,41,2025,-2.0
Oscar Piastri,381.0,410,2025,-29.0
Pierre Gasly,20.0,22,2025,-2.0
Yuki Tsunoda,21.0,33,2025,-12.0
Alexander Albon,5.0,5,2026,0.0
Andrea Kimi Antonelli,158.0,179,2026,-21.0
Arvid Lindblad,19.0,20,2026,-1.0
Carlos Sainz,6.0,6,2026,0.0
Charles Leclerc,87.0,108,2026,-21.0
Esteban Ocon,3.0,3,2026,0.0
Fernando Alonso,1.0,1,2026,0.0
Franco Colapinto,18.0,18,2026,0.0
Gabriel Bortoleto,6.0,6,2026,0.0
George Russell,128.0,154,2026,-26.0
Isack Hadjar,52.0,52,2026,0.0
Lance Stroll,0.0,0,2026,0.0
Lando Norris,71.0,97,2026,-26.0
Lewis Hamilton,129.0,147,2026,-18.0
Liam Lawson,36.0,39,2026,-3.0
Max Verstappen,67.0,76,2026,-9.0
Nico Hülkenberg,0.0,0,2026,0.0
Oliver Bearman,17.0,18,2026,-1.0
Oscar Piastri,65.0,82,2026,-17.0
Pierre Gasly,41.0,42,2026,-1.0
Sergio Pérez,0.0,0,2026,0.0
Valtteri Bottas,0.0,0,2026,0.0
